{"cameraMode":{"drawMode":0,"name":"Shaded","section":"Shading Mode"},"sceneLighting":true,"audioPlay":false,"sceneViewState":{"m_AlwaysRefresh":false,"showFog":true,"showSkybox":true,"showFlares":true,"showImageEffects":true,"showParticleSystems":true,"showVisualEffectGraphs":true,"m_FxEnabled":true},"in2DMode":false,"pivot":{"x":3.1714251041412355,"y":0.873365044593811,"z":1.2552977800369263},"rotation":{"x":-0.3671167492866516,"y":-0.0047058044001460079,"z":0.0019371019443497062,"w":-0.9302029013633728},"size":6.657288551330566,"orthographic":false}