{"cameraMode":{"drawMode":0,"name":"Shaded","section":"Shading Mode"},"sceneLighting":true,"audioPlay":false,"sceneViewState":{"m_AlwaysRefresh":false,"showFog":true,"showSkybox":true,"showFlares":true,"showImageEffects":true,"showParticleSystems":true,"showVisualEffectGraphs":true,"m_FxEnabled":true},"in2DMode":false,"pivot":{"x":4.448492527008057,"y":1.4235588312149048,"z":1.8169642686843873},"rotation":{"x":-0.4464951455593109,"y":-0.015254019759595395,"z":0.007710759993642569,"w":-0.8946709036827087},"size":7.138933181762695,"orthographic":false}