{"cameraMode":{"drawMode":0,"name":"Shaded","section":"Shading Mode"},"sceneLighting":true,"audioPlay":false,"sceneViewState":{"m_AlwaysRefresh":false,"showFog":true,"showSkybox":true,"showFlares":true,"showImageEffects":true,"showParticleSystems":true,"showVisualEffectGraphs":true,"m_FxEnabled":true},"in2DMode":false,"pivot":{"x":-2.3999578952789308,"y":0.9478718042373657,"z":1.3808280229568482},"rotation":{"x":-0.25453051924705508,"y":0.018307577818632127,"z":-0.004741140641272068,"w":-0.9669204950332642},"size":3.657287120819092,"orthographic":false}