{"cameraMode":{"drawMode":0,"name":"Shaded","section":"Shading Mode"},"sceneLighting":true,"audioPlay":false,"sceneViewState":{"m_AlwaysRefresh":false,"showFog":true,"showSkybox":true,"showFlares":true,"showImageEffects":true,"showParticleSystems":true,"showVisualEffectGraphs":true,"m_FxEnabled":true},"in2DMode":false,"pivot":{"x":5.1079607009887699,"y":-1.0646395683288575,"z":6.975797653198242},"rotation":{"x":0.5343663692474365,"y":0.013928821310400963,"z":-0.008844008669257164,"w":0.8451173901557922},"size":21.879518508911134,"orthographic":false}